Keyword,Intents,Volume,Keyword Difficulty,CPC,Competition Density,https://gallardolawyers.com/es/lesionados/abogados-de-muerte-por-negligencia-en-miami,https://www.callamandademanda.com/es/abogado-para-casos-de-muerte-por-negligencia-en/,https://www.stfblaw.com/areas-de-practica/muerte-por-negligencia/,https://panterlaw.com/es/personal-injury/wrongful-death/,https://gallardolawyers.com/es/lesionados/abogados-de-muerte-por-negligencia-en-miami (pages),https://www.callamandademanda.com/es/abogado-para-casos-de-muerte-por-negligencia-en/ (pages),https://www.stfblaw.com/areas-de-practica/muerte-por-negligencia/ (pages),https://panterlaw.com/es/personal-injury/wrongful-death/ (pages),Results
abogado de muerte por negligencia,Informational,1300,3,0.00,0.33,9,0,0,0,https://gallardolawyers.com/es/lesionados/abogados-de-muerte-por-negligencia-en-miami,,,,157
abogado de muerte injustificada,Informational,390,4,0.00,0.00,7,0,0,11,https://gallardolawyers.com/es/lesionados/abogados-de-muerte-por-negligencia-en-miami,,,https://panterlaw.com/es/personal-injury/wrongful-death/,1700000
abogados de muerte por negligencia,Informational,260,2,0.00,0.33,9,69,0,5,https://gallardolawyers.com/es/lesionados/abogados-de-muerte-por-negligencia-en-miami,https://www.callamandademanda.com/es/abogado-para-casos-de-muerte-por-negligencia-en/,,https://panterlaw.com/es/personal-injury/wrongful-death/,165
abogado de pérdida de vida,Informational,140,1,0.00,0.00,0,95,0,0,,https://www.callamandademanda.com/es/abogado-para-casos-de-muerte-por-negligencia-en/,,,170
abogado de muerte injusta en florida,Informational,90,0,0.00,0.00,3,0,0,0,https://gallardolawyers.com/es/lesionados/abogados-de-muerte-por-negligencia-en-miami,,,,164
abogado de muerte injusta en salt lake city,Informational,90,0,0.00,0.00,10,0,0,16,https://gallardolawyers.com/es/lesionados/abogados-de-muerte-por-negligencia-en-miami,,,https://panterlaw.com/es/personal-injury/wrongful-death/,178
abogada de muerte injusta,Informational,70,2,110.20,0.77,8,0,0,0,https://gallardolawyers.com/es/lesionados/abogados-de-muerte-por-negligencia-en-miami,,,,2870000
abogado de homicidio culposo cerca de mí,Informational,70,0,0.00,0.00,0,0,0,18,,,,https://panterlaw.com/es/personal-injury/wrongful-death/,1980000
abogado de muerte injusta en palm springs,Informational,70,0,0.00,0.00,0,0,0,13,,,,https://panterlaw.com/es/personal-injury/wrongful-death/,189
abogado de muerte injusta en riverside,Informational,70,0,0.00,0.00,0,0,0,20,,,,https://panterlaw.com/es/personal-injury/wrongful-death/,200
abogado de reclamos de muerte injusta,Informational,70,0,0.00,0.33,0,0,0,3,,,,https://panterlaw.com/es/personal-injury/wrongful-death/,168
abogado por muerte injusta en palm springs,Informational,70,0,0.00,0.00,0,0,0,16,,,,https://panterlaw.com/es/personal-injury/wrongful-death/,7780
abogado por muerte injusta en riverside,Informational,70,0,0.00,0.00,0,0,0,24,,,,https://panterlaw.com/es/personal-injury/wrongful-death/,202
cómo comparar abogados para reclamos por muerte injusta,"Commercial, Informational",70,0,0.00,0.00,0,0,0,3,,,,https://panterlaw.com/es/personal-injury/wrongful-death/,200000
quién representa a familiares en casos de muerte por negligencia,Informational,70,0,0.00,0.00,0,56,0,0,,https://www.callamandademanda.com/es/abogado-para-casos-de-muerte-por-negligencia-en/,,,4980000
abogado de muerte injusta en commerce,Informational,50,1,0.00,0.00,9,0,0,0,https://gallardolawyers.com/es/lesionados/abogados-de-muerte-por-negligencia-en-miami,,,,14900
abogado de muerte por negligencia de cheyenne,Informational,50,0,0.00,0.00,10,0,0,0,https://gallardolawyers.com/es/lesionados/abogados-de-muerte-por-negligencia-en-miami,,,,4400
abogados de muerte injusta en raleigh,Informational,50,0,0.00,0.00,10,0,0,14,https://gallardolawyers.com/es/lesionados/abogados-de-muerte-por-negligencia-en-miami,,,https://panterlaw.com/es/personal-injury/wrongful-death/,167
abogados especializados en casos de muerte injusta,Informational,50,0,12.78,0.89,0,0,0,2,,,,https://panterlaw.com/es/personal-injury/wrongful-death/,153
abogados especializados en muerte injusta,Informational,50,0,0.00,0.00,0,0,0,1,,,,https://panterlaw.com/es/personal-injury/wrongful-death/,168
muerte por casos de negligencia abogados,Informational,50,1,0.00,0.33,0,46,0,0,,https://www.callamandademanda.com/es/abogado-para-casos-de-muerte-por-negligencia-en/,,,160
abogado de muerte por negligencia de cheyenne muerte por negligencia,Informational,40,0,0.00,0.00,12,0,26,0,https://gallardolawyers.com/es/lesionados/abogados-de-muerte-por-negligencia-en-miami,,https://www.stfblaw.com/areas-de-practica/muerte-por-negligencia/,,4320
abogados de muerte injusta en west palm beach,Informational,40,0,0.00,0.33,28,0,0,14,https://gallardolawyers.com/es/lesionados/abogados-de-muerte-por-negligencia-en-miami,,,https://panterlaw.com/es/personal-injury/wrongful-death/,158
abogados especializados en muerte por negligencia familiares,Informational,40,0,0.00,0.00,0,78,0,2,,https://www.callamandademanda.com/es/abogado-para-casos-de-muerte-por-negligencia-en/,,https://panterlaw.com/es/personal-injury/wrongful-death/,732
center abogada de muerte injusta,Informational,40,0,0.00,0.33,3,0,0,11,https://gallardolawyers.com/es/lesionados/abogados-de-muerte-por-negligencia-en-miami,,,https://panterlaw.com/es/personal-injury/wrongful-death/,281000
experiencia abogado muerte por negligencia,Informational,40,1,0.00,0.00,0,52,0,0,,https://www.callamandademanda.com/es/abogado-para-casos-de-muerte-por-negligencia-en/,,,168
proceso para contratar un abogado por muerte injusta,Informational,40,0,0.00,0.00,0,62,0,0,,https://www.callamandademanda.com/es/abogado-para-casos-de-muerte-por-negligencia-en/,,,136
tiempo de inicio de un caso de muerte por negligencia,Informational,40,0,0.00,0.00,8,0,0,0,https://gallardolawyers.com/es/lesionados/abogados-de-muerte-por-negligencia-en-miami,,,,4170000
