Keyword,Intents,Volume,Keyword Difficulty,CPC,Competition Density,https://gallardolawyers.com/injury-law/miami-surgical-errors-attorney,https://www.yourfloridatrialteam.com/miami/medical-malpractice-lawyer/surgical-errors/,https://www.southflinjury.com/communities-served/miami-fl/miami-medical-malpractice-attorney/miami-surgery-error-mistake-attorney/,https://www.fhvlegal.com/miami/surgical-errors/,https://gallardolawyers.com/injury-law/miami-surgical-errors-attorney (pages),https://www.yourfloridatrialteam.com/miami/medical-malpractice-lawyer/surgical-errors/ (pages),https://www.southflinjury.com/communities-served/miami-fl/miami-medical-malpractice-attorney/miami-surgery-error-mistake-attorney/ (pages),https://www.fhvlegal.com/miami/surgical-errors/ (pages),Results
surgical errors attorney,Informational,590,0,23.23,0.06,0,66,0,0,,https://www.yourfloridatrialteam.com/miami/medical-malpractice-lawyer/surgical-errors/,,,151
surgical errors lawyers coral gables,Informational,320,5,0.00,0.00,32,53,0,44,https://gallardolawyers.com/injury-law/miami-surgical-errors-attorney,https://www.yourfloridatrialteam.com/miami/medical-malpractice-lawyer/surgical-errors/,,https://www.fhvlegal.com/miami/surgical-errors/,138
surgical errors lawyers ft lauderdale,Informational,320,11,0.00,0.00,0,69,0,0,,https://www.yourfloridatrialteam.com/miami/medical-malpractice-lawyer/surgical-errors/,,,144
surgery errors attorney,Informational,110,5,23.23,0.06,0,69,0,0,,https://www.yourfloridatrialteam.com/miami/medical-malpractice-lawyer/surgical-errors/,,,152
surgical error attorneys,Commercial,110,4,0.00,0.00,0,0,0,15,,,,https://www.fhvlegal.com/miami/surgical-errors/,151
surgical error law firm,Informational,110,0,0.00,0.00,0,0,0,66,,,,https://www.fhvlegal.com/miami/surgical-errors/,148
michael freedland florida age,Informational,90,5,0.00,0.00,0,0,0,53,,,,https://www.fhvlegal.com/miami/surgical-errors/,27100
surgical error attorney miami,Informational,90,4,0.00,0.00,11,9,6,5,https://gallardolawyers.com/injury-law/miami-surgical-errors-attorney,https://www.yourfloridatrialteam.com/miami/medical-malpractice-lawyer/surgical-errors/,https://www.southflinjury.com/communities-served/miami-fl/miami-medical-malpractice-attorney/miami-surgery-error-mistake-attorney/,https://www.fhvlegal.com/miami/surgical-errors/,143
surgical error lawyer miami,Informational,90,3,0.00,0.00,14,1,4,3,https://gallardolawyers.com/injury-law/miami-surgical-errors-attorney,https://www.yourfloridatrialteam.com/miami/medical-malpractice-lawyer/surgical-errors/,https://www.southflinjury.com/communities-served/miami-fl/miami-medical-malpractice-attorney/miami-surgery-error-mistake-attorney/,https://www.fhvlegal.com/miami/surgical-errors/,143
anesthesia error lawyer miami,Informational,70,2,0.00,0.00,48,99,25,35,https://gallardolawyers.com/injury-law/miami-surgical-errors-attorney,https://www.yourfloridatrialteam.com/miami/medical-malpractice-lawyer/surgical-errors/,https://www.southflinjury.com/communities-served/miami-fl/miami-medical-malpractice-attorney/miami-surgery-error-mistake-attorney/,https://www.fhvlegal.com/miami/surgical-errors/,132
failure to diagnose attorney miami,Informational,70,0,0.00,0.00,0,0,65,0,,,https://www.southflinjury.com/communities-served/miami-fl/miami-medical-malpractice-attorney/miami-surgery-error-mistake-attorney/,,186
failure to diagnose lawyer miami,Informational,70,0,0.00,0.00,0,0,26,0,,,https://www.southflinjury.com/communities-served/miami-fl/miami-medical-malpractice-attorney/miami-surgery-error-mistake-attorney/,,184
surgical errors law firm,Informational,70,0,0.00,0.02,44,0,0,0,https://gallardolawyers.com/injury-law/miami-surgical-errors-attorney,,,,139
surgical injury lawyer,Commercial,70,4,41.37,0.33,0,0,0,19,,,,https://www.fhvlegal.com/miami/surgical-errors/,156
florida hospital surgical error injury lawyer,Informational,50,6,0.00,0.00,0,79,0,0,,https://www.yourfloridatrialteam.com/miami/medical-malpractice-lawyer/surgical-errors/,,,144
fort smith robotic surgery lawyer,Informational,50,0,0.00,0.33,0,0,0,51,,,,https://www.fhvlegal.com/miami/surgical-errors/,1180000
fort smith surgical error attorney,Informational,50,0,0.00,0.00,0,0,0,70,,,,https://www.fhvlegal.com/miami/surgical-errors/,192
fort smith surgical error lawyers,Commercial,50,9,0.00,0.00,0,0,0,47,,,,https://www.fhvlegal.com/miami/surgical-errors/,110
miami anesthesia error lawyer,Informational,50,0,0.00,0.00,47,0,21,32,https://gallardolawyers.com/injury-law/miami-surgical-errors-attorney,,https://www.southflinjury.com/communities-served/miami-fl/miami-medical-malpractice-attorney/miami-surgery-error-mistake-attorney/,https://www.fhvlegal.com/miami/surgical-errors/,125
misdiagnosis attorney miami,Informational,50,4,0.00,0.00,0,0,55,0,,,https://www.southflinjury.com/communities-served/miami-fl/miami-medical-malpractice-attorney/miami-surgery-error-mistake-attorney/,,143
misdiagnosis lawyer miami,Informational,50,4,0.00,0.00,0,0,57,0,,,https://www.southflinjury.com/communities-served/miami-fl/miami-medical-malpractice-attorney/miami-surgery-error-mistake-attorney/,,143
surgical error attorney florida,Informational,50,2,0.00,0.00,0,21,0,0,,https://www.yourfloridatrialteam.com/miami/medical-malpractice-lawyer/surgical-errors/,,,143
surgical malpractice lawyer florida,Informational,50,12,0.00,0.00,0,0,0,23,,,,https://www.fhvlegal.com/miami/surgical-errors/,143
surgical mistakes lawyer,Informational,50,2,23.23,0.06,0,9,0,0,,https://www.yourfloridatrialteam.com/miami/medical-malpractice-lawyer/surgical-errors/,,,142
anesthesia error attorney miami,Informational,40,2,0.00,0.00,0,0,35,46,,,https://www.southflinjury.com/communities-served/miami-fl/miami-medical-malpractice-attorney/miami-surgery-error-mistake-attorney/,https://www.fhvlegal.com/miami/surgical-errors/,124
bone graft surgery lawyer,Informational,40,7,0.00,0.00,0,0,0,39,,,,https://www.fhvlegal.com/miami/surgical-errors/,5380000
florida hospital surgical error injury attorney,Informational,40,2,0.00,0.00,0,30,0,0,,https://www.yourfloridatrialteam.com/miami/medical-malpractice-lawyer/surgical-errors/,,,143
fort smith robotic surgery attorney,"Commercial, Informational",40,0,0.00,0.04,0,0,0,49,,,,https://www.fhvlegal.com/miami/surgical-errors/,556000
fort smith robotic surgery attorneys,"Commercial, Informational",40,9,0.00,0.04,0,0,0,53,,,,https://www.fhvlegal.com/miami/surgical-errors/,1880000
medical misdiagnosis lawyer miami,Informational,40,24,0.00,0.00,0,0,64,0,,,https://www.southflinjury.com/communities-served/miami-fl/miami-medical-malpractice-attorney/miami-surgery-error-mistake-attorney/,,141
open reduction surgery attorney,Informational,40,0,0.00,0.00,0,0,0,71,,,,https://www.fhvlegal.com/miami/surgical-errors/,21700000
plantation unnecessary procedures lawyer,Informational,40,0,0.00,0.00,0,69,0,0,,https://www.yourfloridatrialteam.com/miami/medical-malpractice-lawyer/surgical-errors/,,,1280000
surgery attorney,Commercial,40,14,28.86,0.90,0,0,0,17,,,,https://www.fhvlegal.com/miami/surgical-errors/,122
surgery errors attorneys,Informational,40,0,31.19,0.03,0,47,0,0,,https://www.yourfloridatrialteam.com/miami/medical-malpractice-lawyer/surgical-errors/,,,153
surgery errors lawyers,Informational,40,-1,31.19,0.03,0,45,0,0,,https://www.yourfloridatrialteam.com/miami/medical-malpractice-lawyer/surgical-errors/,,,149
surgery mistake attorney,Informational,40,0,23.23,0.06,0,62,0,0,,https://www.yourfloridatrialteam.com/miami/medical-malpractice-lawyer/surgical-errors/,,,152
surgical error attorney jefferson county,"Commercial, Informational",40,2,0.00,0.00,0,0,0,94,,,,https://www.fhvlegal.com/miami/surgical-errors/,538000
cosmetic surgery malpractice lawyer,Informational,30,3,9.17,0.17,0,0,0,31,,,,https://www.fhvlegal.com/miami/surgical-errors/,138
daniel harwin,Informational,30,10,5.38,0.31,0,0,0,24,,,,https://www.fhvlegal.com/miami/surgical-errors/,26
lawyer for surgery gone wrong,Informational,30,7,26.98,0.97,0,67,0,0,,https://www.yourfloridatrialteam.com/miami/medical-malpractice-lawyer/surgical-errors/,,,216
surgical malpractice lawsuit fort lauderdale,Informational,30,0,10.43,0.46,0,86,0,0,,https://www.yourfloridatrialteam.com/miami/medical-malpractice-lawyer/surgical-errors/,,,169
wrongful surgery lawsuit,Informational,30,7,14.28,0.52,0,35,0,32,,https://www.yourfloridatrialteam.com/miami/medical-malpractice-lawyer/surgical-errors/,,https://www.fhvlegal.com/miami/surgical-errors/,154
