Keyword,Intents,Volume,Keyword Difficulty,CPC,Competition Density,https://gallardolawyers.com/injury-law/miami-wrongful-death-lawyer,https://www.goldbergandrosen.com/wrongful-death/,https://www.floridainjurylawyer.pro/wrongful-death.html,https://www.injuryattorneyfla.com/wrongful-death.html,https://gallardolawyers.com/injury-law/miami-wrongful-death-lawyer (pages),https://www.goldbergandrosen.com/wrongful-death/ (pages),https://www.floridainjurylawyer.pro/wrongful-death.html (pages),https://www.injuryattorneyfla.com/wrongful-death.html (pages),Results
death attorney,Commercial,1300,20,93.12,0.55,0,16,0,0,,https://www.goldbergandrosen.com/wrongful-death/,,,155
miami wrongful death lawyer,Commercial,880,16,99.57,0.10,9,1,4,16,https://gallardolawyers.com/injury-law/miami-wrongful-death-lawyer,https://www.goldbergandrosen.com/wrongful-death/,https://www.floridainjurylawyer.pro/wrongful-death.html,https://www.injuryattorneyfla.com/wrongful-death.html,156
florida wrongful death attorney,Informational,720,12,59.13,0.07,0,0,0,17,,,,https://www.injuryattorneyfla.com/wrongful-death.html,157
florida wrongful death lawyer,Informational,720,26,59.13,0.07,0,0,0,17,,,,https://www.injuryattorneyfla.com/wrongful-death.html,163
miami wrongful death attorney,Informational,590,16,107.19,0.04,17,0,26,13,https://gallardolawyers.com/injury-law/miami-wrongful-death-lawyer,,https://www.floridainjurylawyer.pro/wrongful-death.html,https://www.injuryattorneyfla.com/wrongful-death.html,161
wrongful death attorney florida,Commercial,590,14,59.13,0.07,0,0,0,14,,,,https://www.injuryattorneyfla.com/wrongful-death.html,162
wrongful death lawyer miami,Commercial,590,17,99.57,0.10,17,1,5,13,https://gallardolawyers.com/injury-law/miami-wrongful-death-lawyer,https://www.goldbergandrosen.com/wrongful-death/,https://www.floridainjurylawyer.pro/wrongful-death.html,https://www.injuryattorneyfla.com/wrongful-death.html,158
wrongful death attorney miami,Commercial,480,13,99.57,0.10,8,1,4,11,https://gallardolawyers.com/injury-law/miami-wrongful-death-lawyer,https://www.goldbergandrosen.com/wrongful-death/,https://www.floridainjurylawyer.pro/wrongful-death.html,https://www.injuryattorneyfla.com/wrongful-death.html,159
fort lauderdale wrongful death attorney,Informational,390,6,0.00,0.09,0,64,0,92,,https://www.goldbergandrosen.com/wrongful-death/,,https://www.injuryattorneyfla.com/wrongful-death.html,150
gainesville wrongful death lawyer,Informational,390,2,0.00,0.33,0,35,0,0,,https://www.goldbergandrosen.com/wrongful-death/,,,157
wrongful death attorney in florida,Commercial,390,16,99.22,0.06,0,0,0,16,,,,https://www.injuryattorneyfla.com/wrongful-death.html,170
wrongful death attorney fort lauderdale,Informational,320,9,0.00,0.02,0,0,0,43,,,,https://www.injuryattorneyfla.com/wrongful-death.html,166
wrongful death lawyer fort lauderdale,Informational,320,6,0.00,0.06,0,0,0,78,,,,https://www.injuryattorneyfla.com/wrongful-death.html,163
fort lauderdale wrongful death attorneys,Informational,260,6,0.00,0.09,0,0,41,89,,,https://www.floridainjurylawyer.pro/wrongful-death.html,https://www.injuryattorneyfla.com/wrongful-death.html,151
wrongful death lawyer florida,Commercial,260,16,99.22,0.06,0,0,0,17,,,,https://www.injuryattorneyfla.com/wrongful-death.html,158
bonita springs wrongful death attorney,Informational,210,3,0.00,0.00,0,0,0,35,,,,https://www.injuryattorneyfla.com/wrongful-death.html,226
bonita springs wrongful death law firm,Informational,210,3,0.00,0.00,0,0,0,48,,,,https://www.injuryattorneyfla.com/wrongful-death.html,110000
florida wrongful death lawyers,Informational,210,7,59.13,0.07,0,0,0,11,,,,https://www.injuryattorneyfla.com/wrongful-death.html,162
fort walton beach wrongful death lawyer,Informational,210,5,0.00,0.33,0,0,0,25,,,,https://www.injuryattorneyfla.com/wrongful-death.html,178
north miami wrongful death lawyer,Informational,210,8,0.00,0.33,28,0,48,36,https://gallardolawyers.com/injury-law/miami-wrongful-death-lawyer,,https://www.floridainjurylawyer.pro/wrongful-death.html,https://www.injuryattorneyfla.com/wrongful-death.html,152
wrongful death attorney miami fl,Commercial,210,9,99.57,0.10,7,2,0,6,https://gallardolawyers.com/injury-law/miami-wrongful-death-lawyer,https://www.goldbergandrosen.com/wrongful-death/,,https://www.injuryattorneyfla.com/wrongful-death.html,37
wrongful death lawyers in florida,Commercial,210,11,59.13,0.07,0,0,0,14,,,,https://www.injuryattorneyfla.com/wrongful-death.html,171
doral wrongful death lawyer,Informational,170,4,99.22,0.06,0,0,76,90,,,https://www.floridainjurylawyer.pro/wrongful-death.html,https://www.injuryattorneyfla.com/wrongful-death.html,81100
santa fe wrongful death lawyer,Informational,170,10,0.00,0.05,0,35,0,0,,https://www.goldbergandrosen.com/wrongful-death/,,,194
florida wrongful death attorneys,Informational,140,18,99.22,0.06,0,0,0,15,,,,https://www.injuryattorneyfla.com/wrongful-death.html,168
fort lauderdale wrongful death lawyers,Informational,140,4,0.00,0.06,0,0,30,92,,,https://www.floridainjurylawyer.pro/wrongful-death.html,https://www.injuryattorneyfla.com/wrongful-death.html,168
oakland park wrongful death lawyer,Informational,140,1,8.50,0.32,0,0,0,40,,,,https://www.injuryattorneyfla.com/wrongful-death.html,196
wrongful death attorney bonita springs,Informational,140,4,0.00,0.00,0,0,0,24,,,,https://www.injuryattorneyfla.com/wrongful-death.html,159
wrongful death attorney fort walton beach,Informational,140,11,99.22,0.06,0,0,0,38,,,,https://www.injuryattorneyfla.com/wrongful-death.html,166
wrongful death attorneys florida,Commercial,140,12,59.13,0.07,0,0,0,14,,,,https://www.injuryattorneyfla.com/wrongful-death.html,0
wrongful death law firm fort walton beach,Informational,140,2,0.00,0.00,0,0,0,17,,,,https://www.injuryattorneyfla.com/wrongful-death.html,164
wrongful death lawyer bonita springs,Informational,140,6,0.00,0.00,0,0,0,45,,,,https://www.injuryattorneyfla.com/wrongful-death.html,294000
wrongful death lawyers bonita springs,Informational,140,1,0.00,0.00,0,0,0,37,,,,https://www.injuryattorneyfla.com/wrongful-death.html,93100
wrongful death lawyers florida,Commercial,140,12,99.22,0.06,0,0,0,12,,,,https://www.injuryattorneyfla.com/wrongful-death.html,159
hallandale beach wrongful death lawyer,Informational,110,4,0.00,0.02,0,76,0,0,,https://www.goldbergandrosen.com/wrongful-death/,,,170
wrongful death attorney south florida,Informational,110,16,0.00,0.00,0,3,26,2,,https://www.goldbergandrosen.com/wrongful-death/,https://www.floridainjurylawyer.pro/wrongful-death.html,https://www.injuryattorneyfla.com/wrongful-death.html,141
wrongful death attorneys bonita springs,Informational,110,3,0.00,0.00,0,0,0,42,,,,https://www.injuryattorneyfla.com/wrongful-death.html,93600
wrongful death defense lawyer,Informational,110,11,90.57,0.84,0,0,86,0,,,https://www.floridainjurylawyer.pro/wrongful-death.html,,163
wrongful death lawyer coral gables,Informational,110,1,0.00,0.00,35,0,0,38,https://gallardolawyers.com/injury-law/miami-wrongful-death-lawyer,,,https://www.injuryattorneyfla.com/wrongful-death.html,161
belleview wrongful death lawyer,Informational,90,6,0.00,0.00,0,15,0,0,,https://www.goldbergandrosen.com/wrongful-death/,,,161
best wrongful death law firms in the us,Commercial,90,20,0.00,0.00,0,28,0,0,,https://www.goldbergandrosen.com/wrongful-death/,,,160
cocoa beach wrongful death lawyer,Informational,90,0,0.00,0.00,0,98,0,0,,https://www.goldbergandrosen.com/wrongful-death/,,,196
coral gables wrongful death lawyer,Informational,90,2,0.00,0.33,39,81,0,43,https://gallardolawyers.com/injury-law/miami-wrongful-death-lawyer,https://www.goldbergandrosen.com/wrongful-death/,,https://www.injuryattorneyfla.com/wrongful-death.html,200
coral springs wrongful death lawyer,Informational,90,8,0.00,0.03,0,0,0,24,,,,https://www.injuryattorneyfla.com/wrongful-death.html,212
fort walton beach wrongful death lawyers,Informational,90,0,0.00,0.03,0,0,0,35,,,,https://www.injuryattorneyfla.com/wrongful-death.html,178
lebanon wrongful death law firm,Informational,90,0,0.00,0.00,0,92,0,0,,https://www.goldbergandrosen.com/wrongful-death/,,,196
miami dade wrongful death lawyer,Informational,90,10,0.00,0.00,21,10,1,40,https://gallardolawyers.com/injury-law/miami-wrongful-death-lawyer,https://www.goldbergandrosen.com/wrongful-death/,https://www.floridainjurylawyer.pro/wrongful-death.html,https://www.injuryattorneyfla.com/wrongful-death.html,167
south florida wrongful death attorney,Informational,90,11,0.00,0.33,44,9,12,2,https://gallardolawyers.com/injury-law/miami-wrongful-death-lawyer,https://www.goldbergandrosen.com/wrongful-death/,https://www.floridainjurylawyer.pro/wrongful-death.html,https://www.injuryattorneyfla.com/wrongful-death.html,174
wrongful death attorney coral gables,Informational,90,1,0.00,0.00,31,33,0,21,https://gallardolawyers.com/injury-law/miami-wrongful-death-lawyer,https://www.goldbergandrosen.com/wrongful-death/,,https://www.injuryattorneyfla.com/wrongful-death.html,164
wrongful death attorney in miami,Commercial,90,15,99.57,0.10,10,2,4,16,https://gallardolawyers.com/injury-law/miami-wrongful-death-lawyer,https://www.goldbergandrosen.com/wrongful-death/,https://www.floridainjurylawyer.pro/wrongful-death.html,https://www.injuryattorneyfla.com/wrongful-death.html,164
bellevue wrongful death law firm,Informational,70,6,7.08,0.54,0,85,0,0,,https://www.goldbergandrosen.com/wrongful-death/,,,191
best wrongful death attorney tallahassee,Commercial,70,17,0.00,0.00,0,0,0,22,,,,https://www.injuryattorneyfla.com/wrongful-death.html,152
best wrongful death law firm tallahassee,Commercial,70,13,0.00,0.00,0,0,0,18,,,,https://www.injuryattorneyfla.com/wrongful-death.html,157
coral gables wrongful death attorney,Informational,70,3,0.00,0.00,0,25,31,0,,https://www.goldbergandrosen.com/wrongful-death/,https://www.floridainjurylawyer.pro/wrongful-death.html,,186
coral gables wrongful death attorneys,Informational,70,2,0.00,0.00,41,48,25,39,https://gallardolawyers.com/injury-law/miami-wrongful-death-lawyer,https://www.goldbergandrosen.com/wrongful-death/,https://www.floridainjurylawyer.pro/wrongful-death.html,https://www.injuryattorneyfla.com/wrongful-death.html,190
coral gables wrongful death law firm,Informational,70,2,0.00,0.00,0,76,0,34,,https://www.goldbergandrosen.com/wrongful-death/,,https://www.injuryattorneyfla.com/wrongful-death.html,183
coral gables wrongful death lawyers,Informational,70,2,0.00,0.00,36,0,27,34,https://gallardolawyers.com/injury-law/miami-wrongful-death-lawyer,,https://www.floridainjurylawyer.pro/wrongful-death.html,https://www.injuryattorneyfla.com/wrongful-death.html,189
cutler bay wrongful death lawyer,Informational,70,3,0.00,0.10,12,0,0,15,https://gallardolawyers.com/injury-law/miami-wrongful-death-lawyer,,,https://www.injuryattorneyfla.com/wrongful-death.html,223
garden grove wrongful death lawyer,Informational,70,4,0.00,0.00,0,28,0,0,,https://www.goldbergandrosen.com/wrongful-death/,,,172
hialeah wrongful death lawyer,Informational,70,0,0.00,0.33,0,28,18,20,,https://www.goldbergandrosen.com/wrongful-death/,https://www.floridainjurylawyer.pro/wrongful-death.html,https://www.injuryattorneyfla.com/wrongful-death.html,166
homestead wrongful death lawyer,Informational,70,6,3.50,0.05,0,99,0,0,,https://www.goldbergandrosen.com/wrongful-death/,,,427000
kent wrongful death attorney,Informational,70,2,0.00,0.33,0,74,0,0,,https://www.goldbergandrosen.com/wrongful-death/,,,1380000
lawyers that deal with death,Informational,70,5,62.76,0.66,0,22,0,0,,https://www.goldbergandrosen.com/wrongful-death/,,,217
miami wrongful death case,Informational,70,7,0.00,0.00,9,0,78,14,https://gallardolawyers.com/injury-law/miami-wrongful-death-lawyer,,https://www.floridainjurylawyer.pro/wrongful-death.html,https://www.injuryattorneyfla.com/wrongful-death.html,159
miami wrongful death lawsuit,Informational,70,6,0.00,0.00,0,0,78,15,,,https://www.floridainjurylawyer.pro/wrongful-death.html,https://www.injuryattorneyfla.com/wrongful-death.html,166
tallahassee wrongful death law firm,Informational,70,4,0.00,0.00,0,65,0,0,,https://www.goldbergandrosen.com/wrongful-death/,,,177
wrongful death attorney lebanon,Informational,70,0,0.00,0.00,0,71,0,46,,https://www.goldbergandrosen.com/wrongful-death/,,https://www.injuryattorneyfla.com/wrongful-death.html,150
wrongful death attorneys coral gables,Informational,70,1,0.00,0.00,29,23,0,30,https://gallardolawyers.com/injury-law/miami-wrongful-death-lawyer,https://www.goldbergandrosen.com/wrongful-death/,,https://www.injuryattorneyfla.com/wrongful-death.html,154
wrongful death attorneys lebanon,Informational,70,0,0.00,0.00,0,15,0,0,,https://www.goldbergandrosen.com/wrongful-death/,,,148
wrongful death attorneys miami,Informational,70,17,107.19,0.04,17,0,40,9,https://gallardolawyers.com/injury-law/miami-wrongful-death-lawyer,,https://www.floridainjurylawyer.pro/wrongful-death.html,https://www.injuryattorneyfla.com/wrongful-death.html,159
wrongful death law firm coral gables,Informational,70,0,0.00,0.00,0,28,19,31,,https://www.goldbergandrosen.com/wrongful-death/,https://www.floridainjurylawyer.pro/wrongful-death.html,https://www.injuryattorneyfla.com/wrongful-death.html,166
wrongful death law firm fort lauderdale,Informational,70,1,0.00,0.00,0,0,0,68,,,,https://www.injuryattorneyfla.com/wrongful-death.html,166
wrongful death law firm lebanon,Informational,70,1,0.00,0.00,0,12,0,17,,https://www.goldbergandrosen.com/wrongful-death/,,https://www.injuryattorneyfla.com/wrongful-death.html,147
wrongful death lawyer lebanon,Informational,70,0,0.00,0.00,0,0,0,24,,,,https://www.injuryattorneyfla.com/wrongful-death.html,146
wrongful death lawyers coral gables,Informational,70,2,59.13,0.07,30,34,21,31,https://gallardolawyers.com/injury-law/miami-wrongful-death-lawyer,https://www.goldbergandrosen.com/wrongful-death/,https://www.floridainjurylawyer.pro/wrongful-death.html,https://www.injuryattorneyfla.com/wrongful-death.html,162
best wrongful death attorney miami,Commercial,50,19,0.00,0.00,16,0,46,4,https://gallardolawyers.com/injury-law/miami-wrongful-death-lawyer,,https://www.floridainjurylawyer.pro/wrongful-death.html,https://www.injuryattorneyfla.com/wrongful-death.html,153
best wrongful death lawyer miami,Commercial,50,14,0.00,0.00,17,0,0,5,https://gallardolawyers.com/injury-law/miami-wrongful-death-lawyer,,,https://www.injuryattorneyfla.com/wrongful-death.html,151
fatal accident attorney miami,Commercial,50,41,0.00,0.00,0,0,0,57,,,,https://www.injuryattorneyfla.com/wrongful-death.html,169
florida accidental death insurance lawyer,Informational,50,6,0.00,0.00,0,0,0,18,,,,https://www.injuryattorneyfla.com/wrongful-death.html,188
florida wrongful death law firm,Informational,50,4,0.00,0.06,0,0,20,0,,,https://www.floridainjurylawyer.pro/wrongful-death.html,,180
fort lauderdale wrongful death law firm,Informational,50,1,0.00,0.00,0,60,0,88,,https://www.goldbergandrosen.com/wrongful-death/,,https://www.injuryattorneyfla.com/wrongful-death.html,182
gainesville wrongful death attorneys,Informational,50,2,0.00,0.00,0,62,0,0,,https://www.goldbergandrosen.com/wrongful-death/,,,154
immokalee wrongful death lawyer,Informational,50,0,0.00,0.02,0,0,5,0,,,https://www.floridainjurylawyer.pro/wrongful-death.html,,4740
inmate wrongful death law firm,Informational,50,0,0.00,0.00,0,82,0,0,,https://www.goldbergandrosen.com/wrongful-death/,,,29
jail wrongful death law firm,Informational,50,0,0.00,0.00,0,33,0,0,,https://www.goldbergandrosen.com/wrongful-death/,,,176
lauderhill wrongful death lawyer,Informational,50,5,0.00,0.02,0,0,13,0,,,https://www.floridainjurylawyer.pro/wrongful-death.html,,168
law firms with wrongful death,Informational,50,17,159.79,0.11,0,0,0,37,,,,https://www.injuryattorneyfla.com/wrongful-death.html,201
miami beach wrongful death lawyer,Informational,50,12,0.55,0.39,16,1,6,15,https://gallardolawyers.com/injury-law/miami-wrongful-death-lawyer,https://www.goldbergandrosen.com/wrongful-death/,https://www.floridainjurylawyer.pro/wrongful-death.html,https://www.injuryattorneyfla.com/wrongful-death.html,167
miami death attorney,Informational,50,6,20.56,0.52,16,0,48,13,https://gallardolawyers.com/injury-law/miami-wrongful-death-lawyer,,https://www.floridainjurylawyer.pro/wrongful-death.html,https://www.injuryattorneyfla.com/wrongful-death.html,191
miami drowning death attorney,Informational,50,0,0.00,0.00,0,53,0,0,,https://www.goldbergandrosen.com/wrongful-death/,,,157
miami gardens wrongful death lawyer,Informational,50,3,0.00,0.19,16,5,6,59,https://gallardolawyers.com/injury-law/miami-wrongful-death-lawyer,https://www.goldbergandrosen.com/wrongful-death/,https://www.floridainjurylawyer.pro/wrongful-death.html,https://www.injuryattorneyfla.com/wrongful-death.html,182
prison wrongful death law firm,Informational,50,-1,0.00,0.00,0,64,0,0,,https://www.goldbergandrosen.com/wrongful-death/,,,199
santa fe wrongful death lawyers,Informational,50,5,0.00,0.00,0,70,0,0,,https://www.goldbergandrosen.com/wrongful-death/,,,152
surprise wrongful death attorney,Informational,50,8,0.00,0.33,0,0,0,24,,,,https://www.injuryattorneyfla.com/wrongful-death.html,4290000
wrongful death accident law firm,Informational,50,16,0.00,0.00,0,0,0,20,,,,https://www.injuryattorneyfla.com/wrongful-death.html,162
wrongful death attorney ft. lauderdale,Informational,50,3,0.00,0.00,0,0,0,76,,,,https://www.injuryattorneyfla.com/wrongful-death.html,153
wrongful death attorney niceville,Informational,50,1,0.00,0.00,0,0,0,33,,,,https://www.injuryattorneyfla.com/wrongful-death.html,10900
wrongful death attorneys niceville,Informational,50,3,0.00,0.00,0,0,0,22,,,,https://www.injuryattorneyfla.com/wrongful-death.html,163
wrongful death in custody law firm,Informational,50,9,0.00,0.00,0,21,0,0,,https://www.goldbergandrosen.com/wrongful-death/,,,15900000
wrongful death lawyer fl,Informational,50,9,59.13,0.07,0,0,0,17,,,,https://www.injuryattorneyfla.com/wrongful-death.html,158
wrongful death lawyer henderson,Informational,50,0,0.00,0.00,0,0,0,40,,,,https://www.injuryattorneyfla.com/wrongful-death.html,163
wrongful death lawyer in miami,Informational,50,12,107.19,0.04,18,0,11,13,https://gallardolawyers.com/injury-law/miami-wrongful-death-lawyer,,https://www.floridainjurylawyer.pro/wrongful-death.html,https://www.injuryattorneyfla.com/wrongful-death.html,170
wrongful death lawyer niceville,Informational,50,9,0.00,0.00,0,0,0,23,,,,https://www.injuryattorneyfla.com/wrongful-death.html,90
wrongful death lawyers fort lauderdale,Informational,50,3,0.00,0.00,0,81,41,76,,https://www.goldbergandrosen.com/wrongful-death/,https://www.floridainjurylawyer.pro/wrongful-death.html,https://www.injuryattorneyfla.com/wrongful-death.html,166
wrongful death lawyers lebanon,Informational,50,0,0.00,0.00,0,40,0,26,,https://www.goldbergandrosen.com/wrongful-death/,,https://www.injuryattorneyfla.com/wrongful-death.html,146
wrongful death lawyers niceville,Informational,50,0,0.00,0.00,0,0,0,22,,,,https://www.injuryattorneyfla.com/wrongful-death.html,170
cocoa beach wrongful death lawyers,Informational,40,0,0.00,0.00,0,60,0,0,,https://www.goldbergandrosen.com/wrongful-death/,,,197
florida wrongful death claim attorney,Informational,40,17,0.00,0.00,0,0,0,9,,,,https://www.injuryattorneyfla.com/wrongful-death.html,176
green acres wrongful death lawyer,Informational,40,0,0.00,0.33,0,0,0,49,,,,https://www.injuryattorneyfla.com/wrongful-death.html,1550000
kendale lakes wrongful death lawyer,Informational,40,5,0.00,0.33,17,0,92,0,https://gallardolawyers.com/injury-law/miami-wrongful-death-lawyer,,https://www.floridainjurylawyer.pro/wrongful-death.html,,1250000
lebanon wrongful death attorney,"Commercial, Informational",40,0,0.00,0.00,0,63,0,0,,https://www.goldbergandrosen.com/wrongful-death/,,,153
miami wrongful death lawyers,Informational,40,15,107.19,0.04,15,1,9,11,https://gallardolawyers.com/injury-law/miami-wrongful-death-lawyer,https://www.goldbergandrosen.com/wrongful-death/,https://www.floridainjurylawyer.pro/wrongful-death.html,https://www.injuryattorneyfla.com/wrongful-death.html,168
st. joseph wrongful death lawyer,Informational,40,-1,0.00,0.00,0,72,0,0,,https://www.goldbergandrosen.com/wrongful-death/,,,203
stamford wrongful death law firm,Informational,40,0,0.00,0.00,0,89,0,0,,https://www.goldbergandrosen.com/wrongful-death/,,,197
tamiami wrongful death lawyer,Informational,40,12,47.05,0.53,14,3,2,65,https://gallardolawyers.com/injury-law/miami-wrongful-death-lawyer,https://www.goldbergandrosen.com/wrongful-death/,https://www.floridainjurylawyer.pro/wrongful-death.html,https://www.injuryattorneyfla.com/wrongful-death.html,14500
the acreage wrongful death lawyer,Informational,40,4,0.00,0.33,0,0,0,73,,,,https://www.injuryattorneyfla.com/wrongful-death.html,18200000
wrongful death attorney in kennesaw,Informational,40,11,35.99,0.05,0,0,0,54,,,,https://www.injuryattorneyfla.com/wrongful-death.html,188
wrongful death lawyer south florida,Informational,40,8,0.00,0.00,0,12,36,6,,https://www.goldbergandrosen.com/wrongful-death/,https://www.floridainjurylawyer.pro/wrongful-death.html,https://www.injuryattorneyfla.com/wrongful-death.html,67
bereavement lawyer,Commercial,30,12,5.05,0.03,0,0,0,40,,,,https://www.injuryattorneyfla.com/wrongful-death.html,3530000
florida+wrongful+death+lawyer,Informational,30,20,99.22,0.06,0,0,0,18,,,,https://www.injuryattorneyfla.com/wrongful-death.html,162
miami wrongful death attorneys,Informational,30,15,99.57,0.10,9,2,5,12,https://gallardolawyers.com/injury-law/miami-wrongful-death-lawyer,https://www.goldbergandrosen.com/wrongful-death/,https://www.floridainjurylawyer.pro/wrongful-death.html,https://www.injuryattorneyfla.com/wrongful-death.html,164
wrongful death lawyers miami,Commercial,30,13,107.19,0.04,12,1,8,9,https://gallardolawyers.com/injury-law/miami-wrongful-death-lawyer,https://www.goldbergandrosen.com/wrongful-death/,https://www.floridainjurylawyer.pro/wrongful-death.html,https://www.injuryattorneyfla.com/wrongful-death.html,168
