Top queries,Clicks,Impressions,CTR,Position
deep plane facelift miami,2,80,2.5%,35.21
deep plane facelift cost miami,0,15,0%,25
deep plane facelift miami beach,0,11,0%,29
deep plane facelift fort lauderdale,0,10,0%,37.1
facelift miami cost,0,9,0%,24.33
deep plane facelift pompano beach,0,9,0%,62.56
deep plane facelift coral gables,0,7,0%,25.86
vertical facelift miami,0,7,0%,32.86
"deep plane facelift in celebration, fl",0,7,0%,67.29
site:avanaplasticsurgery.com,0,5,0%,18
how much is a facelift in miami,0,4,0%,9.5
deep plane facelift south miami,0,3,0%,26
miami facelift surgery cost,0,2,0%,24
cost of facelift in miami,0,2,0%,25
deep plane facelift cost near me,0,2,0%,36.5
deep plane facelift pearl river,0,2,0%,90.5
deep plane facelift cost,0,1,0%,1
facelift cost miami,0,1,0%,2
mid face lift miami,0,1,0%,2
deep plane facelift,0,1,0%,3
dr triana avana plastic surgery,0,1,0%,9
deep plane facelift miami cost,0,1,0%,14
how much is a deep plane facelift,0,1,0%,23
face lift cost miami,0,1,0%,37
deep plane facelift avon,0,1,0%,41
ass implants,0,1,0%,56
mid facelift miami,0,1,0%,86
facelift revision miami,0,1,0%,89