Keyword,Intents,Volume,Keyword Difficulty,CPC,Competition Density,https://gallardolawyers.com/es/lesionados/errores-quirurgicos-en-miami,https://needleellenberg.com/abogado-de-errores-quirurgicos-en-miami/,https://www.yourfloridatrialteam.com/es/miami/abogado-de-negligencia-medica/errores-de-hospitales/,https://www.stfblaw.com/areas-de-practica/negligencia-medica/,https://gallardolawyers.com/es/lesionados/errores-quirurgicos-en-miami (pages),https://needleellenberg.com/abogado-de-errores-quirurgicos-en-miami/ (pages),https://www.yourfloridatrialteam.com/es/miami/abogado-de-negligencia-medica/errores-de-hospitales/ (pages),https://www.stfblaw.com/areas-de-practica/negligencia-medica/ (pages),Results
abogado negligencia medica,Informational,170,2,0.00,0.02,0,0,24,0,,,https://www.yourfloridatrialteam.com/es/miami/abogado-de-negligencia-medica/errores-de-hospitales/,,142
negligencia médica despacho de abogados,Informational,110,2,0.00,0.00,0,0,24,0,,,https://www.yourfloridatrialteam.com/es/miami/abogado-de-negligencia-medica/errores-de-hospitales/,,136
abogados de mala practica medica en miami,Informational,90,7,6.40,0.90,71,92,36,15,https://gallardolawyers.com/es/lesionados/errores-quirurgicos-en-miami,https://needleellenberg.com/abogado-de-errores-quirurgicos-en-miami/,https://www.yourfloridatrialteam.com/es/miami/abogado-de-negligencia-medica/errores-de-hospitales/,https://www.stfblaw.com/areas-de-practica/negligencia-medica/,136
abogados de negligencia medica en miami,Informational,90,6,11.64,0.18,0,0,0,15,,,,https://www.stfblaw.com/areas-de-practica/negligencia-medica/,139
abogado de negligencia medica en miami,Informational,70,0,7.31,0.14,0,0,30,20,,,https://www.yourfloridatrialteam.com/es/miami/abogado-de-negligencia-medica/errores-de-hospitales/,https://www.stfblaw.com/areas-de-practica/negligencia-medica/,136
abogados para demandar hospitales,Informational,70,1,10.17,0.69,0,0,9,0,,,https://www.yourfloridatrialteam.com/es/miami/abogado-de-negligencia-medica/errores-de-hospitales/,,164
abogado de hospital,Informational,50,0,13.32,0.83,0,0,39,0,,,https://www.yourfloridatrialteam.com/es/miami/abogado-de-negligencia-medica/errores-de-hospitales/,,136
abogado de negligencia médica en miami,Informational,50,1,0.00,0.00,0,0,58,17,,,https://www.yourfloridatrialteam.com/es/miami/abogado-de-negligencia-medica/errores-de-hospitales/,https://www.stfblaw.com/areas-de-practica/negligencia-medica/,144
abogado de negligencia médica miami,Informational,50,2,11.64,0.18,0,0,34,16,,,https://www.yourfloridatrialteam.com/es/miami/abogado-de-negligencia-medica/errores-de-hospitales/,https://www.stfblaw.com/areas-de-practica/negligencia-medica/,143
abogados de negligencia médica en miami,Informational,50,5,11.64,0.18,0,0,33,15,,,https://www.yourfloridatrialteam.com/es/miami/abogado-de-negligencia-medica/errores-de-hospitales/,https://www.stfblaw.com/areas-de-practica/negligencia-medica/,136
negligencia médica abogado cerca de mi,Informational,50,1,0.00,0.00,0,0,13,0,,,https://www.yourfloridatrialteam.com/es/miami/abogado-de-negligencia-medica/errores-de-hospitales/,,143
abogado de mala practica medica en miami,Informational,30,6,6.40,0.90,0,92,35,0,,https://needleellenberg.com/abogado-de-errores-quirurgicos-en-miami/,https://www.yourfloridatrialteam.com/es/miami/abogado-de-negligencia-medica/errores-de-hospitales/,,135
