Top pages,Clicks,Impressions,CTR,Position
https://gallardolawyers.com/es/lesionados/abogados-de-muerte-por-negligencia-en-miami,0,117,0%,3.89
https://gallardolawyers.com/es,0,35,0%,44.66
https://gallardolawyers.com/es/lesionados/muerte-por-negligencia-en-miami,0,30,0%,19.97
https://gallardolawyers.com/es/lesionados/abogados-de-negligencia-medica-en-miami,0,25,0%,41.28
https://gallardolawyers.com/es/lesionados/negligencia-medica-en-miami,0,10,0%,43.1
https://gallardolawyers.com/es/video/abogados-gallardo-law-firm-en-miami,0,6,0%,52.67
https://gallardolawyers.com/es/lesionados/abogados-de-negligencia-medica-en-miami#heading-1,0,4,0%,8.5
https://gallardolawyers.com/es/lesionados/abogados-de-negligencia-medica-en-miami#heading-2,0,4,0%,8.5
https://gallardolawyers.com/es/lesionados/abogados-de-negligencia-medica-en-miami#heading-4,0,4,0%,8.5
https://gallardolawyers.com/es/lesionados/muerte-por-negligencia-en-hialeah,0,3,0%,50.67
https://gallardolawyers.com/es/lesionados/abogados-de-negligencia-medica-en-miami#heading-3,0,1,0%,8
https://gallardolawyers.com/es/lesionados/abogados-de-negligencia-medica-en-miami#heading-6,0,1,0%,8
https://gallardolawyers.com/es/lesionados/abogados-de-negligencia-medica-en-miami#heading-8,0,1,0%,8
https://gallardolawyers.com/es/lesionados/abogados-de-negligencia-medica-en-miami#heading-9,0,1,0%,8